{"0": {"precision": 0.8767123287671232, "recall": 0.8767123287671232, "f1-score": 0.8767123287671232, "support": 73.0}, "1": {"precision": 0.8085106382978723, "recall": 0.8085106382978723, "f1-score": 0.8085106382978723, "support": 47.0}, "accuracy": 0.85, "macro avg": {"precision": 0.8426114835324978, "recall": 0.8426114835324978, "f1-score": 0.8426114835324978, "support": 120.0}, "weighted avg": {"precision": 0.85, "recall": 0.85, "f1-score": 0.85, "support": 120.0}}