{"0": {"precision": 0.9512195121951219, "recall": 0.9176470588235294, "f1-score": 0.9341317365269461, "support": 85.0}, "1": {"precision": 0.8653846153846154, "recall": 0.9183673469387755, "f1-score": 0.8910891089108911, "support": 49.0}, "accuracy": 0.917910447761194, "macro avg": {"precision": 0.9083020637898687, "recall": 0.9180072028811525, "f1-score": 0.9126104227189187, "support": 134.0}, "weighted avg": {"precision": 0.919832124555459, "recall": 0.917910447761194, "f1-score": 0.9183922682195829, "support": 134.0}}