{"0": {"precision": 0.9710144927536232, "recall": 0.9054054054054054, "f1-score": 0.9370629370629371, "support": 74.0}, "1": {"precision": 0.8627450980392157, "recall": 0.9565217391304348, "f1-score": 0.9072164948453608, "support": 46.0}, "accuracy": 0.925, "macro avg": {"precision": 0.9168797953964194, "recall": 0.9309635722679201, "f1-score": 0.9221397159541489, "support": 120.0}, "weighted avg": {"precision": 0.9295112247797669, "recall": 0.925, "f1-score": 0.9256218008795329, "support": 120.0}}